{"swagger":"2.0","info":{"title":"Azure Functions OpenAPI Extension","version":"1.0.0"},"host":"@environmentVariables(\"pgc_PowerFxFunctionAppHost\")","basePath":"/api","schemes":["https"],"paths":{"/CalcPowerFxYaml":{"post":{"tags":["Calculation"],"summary":"Calculate Power Fx expressions","description":"Provide one or more Power Fx expressions with an optional provided context","operationId":"CalcPowerFxYaml","consumes":["application/json"],"produces":["application/json"],"parameters":[{"in":"body","name":"body","required":true,"schema":{"$ref":"#/definitions/calcPowerFxRequestBody"}}],"responses":{"200":{"description":"Json serialised results","schema":{"type":"string"},"x-ms-summary":"Evaluated formulae"}}}},"/ListFunctions":{"get":{"tags":["Info"],"summary":"List functions","description":"List subset of available Canvas/PowerFx functions exposed by Microsoft.PowerFx","operationId":"ListFunctions","produces":["application/json"],"responses":{"200":{"description":"The available functions exposed by the PowerFx interpreter","schema":{"type":"array","items":{"type":"string"}},"headers":{"Content-Type":{"description":"Content-Type","type":"string"}}}},"parameters":[]}}},"definitions":{"calcPowerFxRequestBody":{"type":"object","properties":{"context":{"type":"string"},"yaml":{"type":"string"}}}},"securityDefinitions":{"api_key":{"type":"apiKey","in":"header","name":"x-functions-key"}},"security":[]}