<ImportExportXml xmlns:xsi="http://www.w3.org/2001/XMLSchema-instance">
  <Entities></Entities>
  <Roles></Roles>
  <Workflows></Workflows>
  <FieldSecurityProfiles></FieldSecurityProfiles>
  <Templates />
  <EntityMaps />
  <EntityRelationships />
  <OrganizationSettings />
  <optionsets />
  <CustomControls />
  <EntityDataProviders />
  <Connectors>
    <Connector>
      <connectorid>57e22fdb-a13c-4e51-a7c9-ee65321115ea</connectorid>
      <description></description>
      <displayname>PowerFx</displayname>
      <iconbrandcolor>#007ee5</iconbrandcolor>
      <name>pgc_5Fpowerfx</name>
      <connectortype>1</connectortype>
      <openapidefinition>/Connector/pgc_5Fpowerfx_openapidefinition.json</openapidefinition>
      <connectionparameters>/Connector/pgc_5Fpowerfx_connectionparameters.json</connectionparameters>
      <policytemplateinstances>/Connector/pgc_5Fpowerfx_policytemplateinstances.json</policytemplateinstances>
      <iconblob>/Connector/pgc_5Fpowerfx_iconblob.Png</iconblob>
    </Connector>
  </Connectors>
  <Languages>
    <Language>1033</Language>
  </Languages>
</ImportExportXml>