<ImportExportXml version="9.2.21113.137" SolutionPackageVersion="9.2" languagecode="1033" generatedBy="CrmLive" xmlns:xsi="http://www.w3.org/2001/XMLSchema-instance">
  <SolutionManifest>
    <UniqueName>PowerFxInPowerAutomate</UniqueName>
    <LocalizedNames>
      <LocalizedName description="PowerFxInPowerAutomate" languagecode="1033" />
    </LocalizedNames>
    <Descriptions />
    <Version>1.0.0.1</Version>
    <Managed>0</Managed>
    <Publisher>
      <UniqueName>PhilCole</UniqueName>
      <LocalizedNames>
        <LocalizedName description="Phil Cole" languagecode="1033" />
      </LocalizedNames>
      <Descriptions />
      <EMailAddress xsi:nil="true"></EMailAddress>
      <SupportingWebsiteUrl xsi:nil="true"></SupportingWebsiteUrl>
      <CustomizationPrefix>pgc</CustomizationPrefix>
      <CustomizationOptionValuePrefix>10000</CustomizationOptionValuePrefix>
      <Addresses>
        <Address>
          <AddressNumber>1</AddressNumber>
          <AddressTypeCode>1</AddressTypeCode>
          <City xsi:nil="true"></City>
          <County xsi:nil="true"></County>
          <Country xsi:nil="true"></Country>
          <Fax xsi:nil="true"></Fax>
          <FreightTermsCode xsi:nil="true"></FreightTermsCode>
          <ImportSequenceNumber xsi:nil="true"></ImportSequenceNumber>
          <Latitude xsi:nil="true"></Latitude>
          <Line1 xsi:nil="true"></Line1>
          <Line2 xsi:nil="true"></Line2>
          <Line3 xsi:nil="true"></Line3>
          <Longitude xsi:nil="true"></Longitude>
          <Name xsi:nil="true"></Name>
          <PostalCode xsi:nil="true"></PostalCode>
          <PostOfficeBox xsi:nil="true"></PostOfficeBox>
          <PrimaryContactName xsi:nil="true"></PrimaryContactName>
          <ShippingMethodCode>1</ShippingMethodCode>
          <StateOrProvince xsi:nil="true"></StateOrProvince>
          <Telephone1 xsi:nil="true"></Telephone1>
          <Telephone2 xsi:nil="true"></Telephone2>
          <Telephone3 xsi:nil="true"></Telephone3>
          <TimeZoneRuleVersionNumber xsi:nil="true"></TimeZoneRuleVersionNumber>
          <UPSZone xsi:nil="true"></UPSZone>
          <UTCOffset xsi:nil="true"></UTCOffset>
          <UTCConversionTimeZoneCode xsi:nil="true"></UTCConversionTimeZoneCode>
        </Address>
        <Address>
          <AddressNumber>2</AddressNumber>
          <AddressTypeCode>1</AddressTypeCode>
          <City xsi:nil="true"></City>
          <County xsi:nil="true"></County>
          <Country xsi:nil="true"></Country>
          <Fax xsi:nil="true"></Fax>
          <FreightTermsCode xsi:nil="true"></FreightTermsCode>
          <ImportSequenceNumber xsi:nil="true"></ImportSequenceNumber>
          <Latitude xsi:nil="true"></Latitude>
          <Line1 xsi:nil="true"></Line1>
          <Line2 xsi:nil="true"></Line2>
          <Line3 xsi:nil="true"></Line3>
          <Longitude xsi:nil="true"></Longitude>
          <Name xsi:nil="true"></Name>
          <PostalCode xsi:nil="true"></PostalCode>
          <PostOfficeBox xsi:nil="true"></PostOfficeBox>
          <PrimaryContactName xsi:nil="true"></PrimaryContactName>
          <ShippingMethodCode>1</ShippingMethodCode>
          <StateOrProvince xsi:nil="true"></StateOrProvince>
          <Telephone1 xsi:nil="true"></Telephone1>
          <Telephone2 xsi:nil="true"></Telephone2>
          <Telephone3 xsi:nil="true"></Telephone3>
          <TimeZoneRuleVersionNumber xsi:nil="true"></TimeZoneRuleVersionNumber>
          <UPSZone xsi:nil="true"></UPSZone>
          <UTCOffset xsi:nil="true"></UTCOffset>
          <UTCConversionTimeZoneCode xsi:nil="true"></UTCConversionTimeZoneCode>
        </Address>
      </Addresses>
    </Publisher>
    <RootComponents>
      <RootComponent type="29" id="{488b7284-0374-ec11-8943-00224828542b}" behavior="0" />
      <RootComponent type="29" id="{a2da99d7-7c5c-ec11-8f8f-0022482839e5}" behavior="0" />
      <RootComponent type="29" id="{c68d51fc-ab71-ec11-8943-00224828542b}" behavior="0" />
      <RootComponent type="29" id="{fe9a1cb0-b474-ec11-8943-00224828542b}" behavior="0" />
    </RootComponents>
    <MissingDependencies>
      <MissingDependency>
        <Required type="372" schemaName="pgc_5Fpowerfx" displayName="PowerFx" solution="Active" id="{57e22fdb-a13c-4e51-a7c9-ee65321115ea}" />
        <Dependent type="29" displayName="PowerFx CC: List functions" id="{488b7284-0374-ec11-8943-00224828542b}" />
      </MissingDependency>
      <MissingDependency>
        <Required type="372" schemaName="pgc_5Fpowerfx" displayName="PowerFx" solution="Active" id="{57e22fdb-a13c-4e51-a7c9-ee65321115ea}" />
        <Dependent type="29" displayName="Power Fx CC: Example 3" id="{a2da99d7-7c5c-ec11-8f8f-0022482839e5}" />
      </MissingDependency>
      <MissingDependency>
        <Required type="372" schemaName="pgc_5Fpowerfx" displayName="PowerFx" solution="Active" id="{57e22fdb-a13c-4e51-a7c9-ee65321115ea}" />
        <Dependent type="29" displayName="PowerFx CC: Reverse my name" id="{c68d51fc-ab71-ec11-8943-00224828542b}" />
      </MissingDependency>
      <MissingDependency>
        <Required type="372" schemaName="pgc_5Fpowerfx" displayName="PowerFx" solution="Active" id="{57e22fdb-a13c-4e51-a7c9-ee65321115ea}" />
        <Dependent type="29" displayName="Power Fx CC: Example 2" id="{fe9a1cb0-b474-ec11-8943-00224828542b}" />
      </MissingDependency>
      <MissingDependency>
        <Required type="372" schemaName="pgc_5Fpowerfx" displayName="PowerFx" solution="Active" id="{57e22fdb-a13c-4e51-a7c9-ee65321115ea}" />
        <Dependent type="connectionreference" displayName="pgc_sharedpgc5fpowerfx5fa3acafc5e2c2c0da_9b2f7" id.connectionreferencelogicalname="pgc_sharedpgc5fpowerfx5fa3acafc5e2c2c0da_9b2f7" />
      </MissingDependency>
    </MissingDependencies>
  </SolutionManifest>
</ImportExportXml>