<environmentvariabledefinition schemaname="pgc_PowerFxFunctionAppHost">
  <defaultvalue>&lt;myfunction&gt;.azurewebsites.net</defaultvalue>
  <description default="Host without scheme or path">
    <label description="Host without scheme or path" languagecode="1033" />
  </description>
  <displayname default="PowerFx Function App Host">
    <label description="PowerFx Function App Host" languagecode="1033" />
  </displayname>
  <introducedversion>1.0.0.0</introducedversion>
  <iscustomizable>1</iscustomizable>
  <isrequired>0</isrequired>
  <secretstore>0</secretstore>
  <type>100000000</type>
</environmentvariabledefinition>