{"properties":{"connectionReferences":{"shared_pgc-5fpowerfx-5fa3acafc5e2c2c0da":{"runtimeSource":"invoker","connection":{"connectionReferenceLogicalName":"pgc_sharedpgc5fpowerfx5fa3acafc5e2c2c0da_9b2f7"},"api":{"name":"shared_pgc-5fpowerfx-5fa3acafc5e2c2c0da","logicalName":"pgc_5Fpowerfx"}}},"definition":{"$schema":"https://schema.management.azure.com/providers/Microsoft.Logic/schemas/2016-06-01/workflowdefinition.json#","contentVersion":"1.0.0.0","parameters":{"$connections":{"defaultValue":{},"type":"Object"},"$authentication":{"defaultValue":{},"type":"SecureObject"}},"triggers":{"manual":{"metadata":{"operationMetadataId":"1964eb47-15e4-430e-bb4a-9070b3623b23"},"type":"Request","kind":"Button","inputs":{"schema":{"type":"object","properties":{},"required":[]}}}},"actions":{"Calculate_Power_Fx_expressions":{"runAfter":{},"metadata":{"operationMetadataId":"e23e30c1-8eed-4153-819a-8577afa65f19"},"type":"OpenApiConnection","inputs":{"host":{"connectionName":"shared_pgc-5fpowerfx-5fa3acafc5e2c2c0da","operationId":"CalcPowerFxYaml","apiId":""},"parameters":{"body/context":"{\n  \"a\": \"Hello\",\n  \"b\": \"World\",\n  \"x\": 2,\n  \"y\": 3\n}","body/yaml":"c: =Concatenate(a, b)\nd: =Left(a, 2)\ntot: =x + y\nisabove4: |\n  = If(x + y > 4,\n    \"It's above four\",\n    \"It's below four\")"},"authentication":{"type":"Raw","value":"@json(decodeBase64(triggerOutputs().headers['X-MS-APIM-Tokens']))['$ConnectionKey']"}}}}}},"schemaVersion":"1.0.0.0"}