{"properties":{"connectionReferences":{"shared_pgc-5fpowerfx-5fa3acafc5e2c2c0da_1":{"runtimeSource":"invoker","connection":{"connectionReferenceLogicalName":"pgc_sharedpgc5fpowerfx5fa3acafc5e2c2c0da_9b2f7"},"api":{"name":"shared_pgc-5fpowerfx-5fa3acafc5e2c2c0da","logicalName":"pgc_5Fpowerfx"}}},"definition":{"$schema":"https://schema.management.azure.com/providers/Microsoft.Logic/schemas/2016-06-01/workflowdefinition.json#","contentVersion":"1.0.0.0","parameters":{"$connections":{"defaultValue":{},"type":"Object"},"$authentication":{"defaultValue":{},"type":"SecureObject"}},"triggers":{"manual":{"metadata":{"operationMetadataId":"0475ad93-2ca8-48b9-afe1-f8511fd436c7"},"type":"Request","kind":"Button","inputs":{"schema":{"type":"object","properties":{"number":{"title":"Number","type":"number","x-ms-dynamically-added":true,"description":"Please enter a number","x-ms-content-hint":"NUMBER"}},"required":["number"]}}}},"actions":{"Context":{"runAfter":{},"metadata":{"operationMetadataId":"d2f939a1-e9ff-44de-a8fe-8529367ab9ba"},"type":"Compose","inputs":{"enterednumber":"@triggerBody()['number']","a":"Hello","b":"World","c":{"Inner":"and Mars"},"x":1,"y":2,"cities":["London","Paris","New York"],"actors":[{"FirstName":"Polly","LastName":"Sherman","Role":"Waitress"},{"FirstName":"Basil","LastName":"Fawlty","Role":"Proprietor"},{"FirstName":"Manuel","LastName":"Unknown","Role":"Waiter"},{"FirstName":"Sybil","LastName":"Fawlty","Role":"Proprietor"}]},"description":"Unfortunately we can't add comments to JSON, but this is expected to be populated by other steps. Using a compose action helps during development because Power Automate will validate the JSON when saving the flow."},"Parse_JSON":{"runAfter":{"Calculate_Power_Fx":["Succeeded"]},"metadata":{"operationMetadataId":"186fd93b-0156-4060-94f5-43e94a33184c"},"type":"ParseJson","inputs":{"content":"@body('Calculate_Power_Fx')","schema":{"type":"object","properties":{"NumberSquareRoot":{"type":"number"},"joined":{"type":"string"},"CitiesJoined":{"type":"string"},"Ages":{"type":"array","items":{"type":"integer"}},"AverageAge":{"type":"number"},"AgeLessTen":{"type":"array","items":{"type":"integer"}},"ActorsByFirstName":{"type":"array","items":{"type":"object","properties":{"FirstName":{"type":"string"},"LastName":{"type":"string"},"Role":{"type":"string"}},"required":["FirstName","LastName","Role"]}},"Instruments":{"type":"array","items":{"type":"object","properties":{"Name":{"type":"string"},"Type":{"type":"string"}},"required":["Name","Type"]}},"InstrumentsJoined":{"type":"string"},"total":{"type":"integer"}}}}},"Calculate_Power_Fx":{"runAfter":{"Context":["Succeeded"]},"metadata":{"operationMetadataId":"029db7fb-9d12-4220-a9d0-2ba950a835bf"},"type":"OpenApiConnection","inputs":{"host":{"connectionName":"shared_pgc-5fpowerfx-5fa3acafc5e2c2c0da_1","operationId":"CalcPowerFxYaml","apiId":""},"parameters":{"body/context":"@outputs('Context')","body/yaml":"NumberSquareRoot: =Sqrt(enterednumber)\njoined: =a & \" \" & b & \" \" & c.Inner\nMultipleCalcs:\n  - total: =x + y  // Integer addition = 3  \n  - total: =total * 2 + 1  // using previously calculated = 7 = 3*2+1\nCitiesJoined: = Concat(cities, Value & \", \")  // concat() as well as & \nAges: = [30, 36, 47]   // we can create single value tables\nAverageAge: =Average(Ages, Value)  // and average the table using Value\n# We can use ForAll() to run across all rows in a table, giving [20, 26, 37]\nAgeLessTen: =ForAll(Ages, Value - 10)  \n# We can use the PowerFx sorting functions\n# Note: SortByColumns is not implemented yet.\nActorsByFirstName: =Sort(actors, FirstName)\n# We can use Filter()\nProprietors: =Concat(Filter(actors, Role = \"Proprietor\"), FirstName & \" and \")\nInstruments: |   # with the | symbol yaml can be split over multiple lines\n  /* We can create tables directly in Power Fx */\n  = Table(\n        { Name: \"Violin\", Type: \"String\" },\n        { Name: \"Cello\", Type: \"String\" },\n        { Name: \"Trumpet\", Type: \"Wind\" }\n    )\n# And we can use the table\nInstrumentsJoined: = Concat(Instruments, Name & \", \")"},"authentication":{"type":"Raw","value":"@json(decodeBase64(triggerOutputs().headers['X-MS-APIM-Tokens']))['$ConnectionKey']"}}},"Compose":{"runAfter":{"Parse_JSON":["Succeeded"]},"metadata":{"operationMetadataId":"19e9a6b4-fc11-4339-96f5-87e3063bbede"},"type":"Compose","inputs":"We can use the values in a compose\nJoined cities = @{body('Parse_JSON')?['CitiesJoined']}\nAverageAge = @{body('Parse_JSON')?['AverageAge']}"}}}},"schemaVersion":"1.0.0.0"}