{"properties":{"connectionReferences":{"shared_pgc-5fpowerfx-5fa3acafc5e2c2c0da_1":{"runtimeSource":"invoker","connection":{"connectionReferenceLogicalName":"pgc_sharedpgc5fpowerfx5fa3acafc5e2c2c0da_9b2f7"},"api":{"name":"shared_pgc-5fpowerfx-5fa3acafc5e2c2c0da","logicalName":"pgc_5Fpowerfx"}}},"definition":{"$schema":"https://schema.management.azure.com/providers/Microsoft.Logic/schemas/2016-06-01/workflowdefinition.json#","contentVersion":"1.0.0.0","parameters":{"$connections":{"defaultValue":{},"type":"Object"},"$authentication":{"defaultValue":{},"type":"SecureObject"}},"triggers":{"manual":{"metadata":{"operationMetadataId":"a276517b-eddd-4224-b5b2-61b9cfe626cd"},"type":"Request","kind":"Button","inputs":{"schema":{"type":"object","properties":{},"required":[]},"headersSchema":{"x-ms-user-name-encoded":{"title":"User name","type":"string","format":"byte","x-ms-dynamically-added":false}}}}},"actions":{"Calculate_PowerFx:_Naïve_name_reversal":{"runAfter":{},"metadata":{"operationMetadataId":"04fb0548-16ab-407c-b851-3245beba96d6"},"type":"OpenApiConnection","inputs":{"host":{"connectionName":"shared_pgc-5fpowerfx-5fa3acafc5e2c2c0da_1","operationId":"CalcPowerFxYaml","apiId":""},"parameters":{"body/context":"{\n  \"FullName\": \"@{triggerOutputs()['headers']['x-ms-user-name-encoded']}\"\n}","body/yaml":"# Note: we're assuming the user's fullname has a comma, e.g. \"Cole, Phil\"\nnames: = Split(FullName, \",\")    \n# Combine the first and last name\nReversedName: = Trim(Last(names).Result & \" \" & First(names).Result)"},"authentication":{"type":"Raw","value":"@json(decodeBase64(triggerOutputs().headers['X-MS-APIM-Tokens']))['$ConnectionKey']"}}},"Compose":{"runAfter":{"Get_Username":["Succeeded"]},"metadata":{"operationMetadataId":"7f037bf0-79cc-4121-9523-c5eec9fbc30d"},"type":"Compose","inputs":"@{concat(\r\ntrim(last(split(outputs('Get_username'), ','))), \r\n' ',\r\ntrim(first(split(outputs('Get_username'), ',')))\r\n)} "},"Get_Username":{"runAfter":{"Calculate_PowerFx:_Naïve_name_reversal_-_broken_down":["Succeeded"]},"metadata":{"operationMetadataId":"d7f28389-17da-47ba-9359-c21c7cefa846"},"type":"Compose","inputs":"@{triggerOutputs()['headers']['x-ms-user-name-encoded']} ","description":"Get user name"},"Calculate_PowerFx:_Naïve_name_reversal_-_broken_down":{"runAfter":{"Calculate_PowerFx:_Naïve_name_reversal":["Succeeded"]},"metadata":{"operationMetadataId":"04fb0548-16ab-407c-b851-3245beba96d6"},"type":"OpenApiConnection","inputs":{"host":{"connectionName":"shared_pgc-5fpowerfx-5fa3acafc5e2c2c0da_1","operationId":"CalcPowerFxYaml","apiId":""},"parameters":{"body/context":"{\n  \"FullName\": \"@{triggerOutputs()['headers']['x-ms-user-name-encoded']}\"\n}","body/yaml":"# Note: we're assuming the user's fullname has a comma, e.g. \"Cole, Phil\"\nnames: = Split(FullName, \",\")    \n# Split into first name and last name.  \nFirstName: = First(names).Result    // First() returns a table, hence .Result\nLastName: = Last(names).Result\n# Use & to concatenate strings. Use Trim to remove any double spaces\nReversedName: = Trim(LastName & \" \" & FirstName)"},"authentication":{"type":"Raw","value":"@json(decodeBase64(triggerOutputs().headers['X-MS-APIM-Tokens']))['$ConnectionKey']"}}}}}},"schemaVersion":"1.0.0.0"}