{"properties":{"connectionReferences":{"shared_pgc-5fpowerfx-5fa3acafc5e2c2c0da":{"runtimeSource":"invoker","connection":{"connectionReferenceLogicalName":"pgc_sharedpgc5fpowerfx5fa3acafc5e2c2c0da_9b2f7"},"api":{"name":"shared_pgc-5fpowerfx-5fa3acafc5e2c2c0da","logicalName":"pgc_5Fpowerfx"}}},"definition":{"$schema":"https://schema.management.azure.com/providers/Microsoft.Logic/schemas/2016-06-01/workflowdefinition.json#","contentVersion":"1.0.0.0","parameters":{"$connections":{"defaultValue":{},"type":"Object"},"$authentication":{"defaultValue":{},"type":"SecureObject"}},"triggers":{"manual":{"metadata":{"operationMetadataId":"2687db44-9c0c-4d84-bcb4-7e8b832ff783"},"type":"Request","kind":"Button","inputs":{"schema":{"type":"object","properties":{},"required":[]}}}},"actions":{"List_functions":{"runAfter":{},"metadata":{"operationMetadataId":"52651245-9ae5-43ad-b1d7-feee46a77c86"},"type":"OpenApiConnection","inputs":{"host":{"connectionName":"shared_pgc-5fpowerfx-5fa3acafc5e2c2c0da","operationId":"ListFunctions","apiId":""},"parameters":{},"authentication":{"type":"Raw","value":"@json(decodeBase64(triggerOutputs().headers['X-MS-APIM-Tokens']))['$ConnectionKey']"}}}}}},"schemaVersion":"1.0.0.0"}